Event_Window,Mean_CAR,Var(MCAR),z-stat,p-value
"[-5,0)",0.004981156223691094,7.093997049831539e-07,5.914045492706583,3.3380562346293026e-09
"[-2,0)",-4.126734789941522e-05,4.4446644612460954e-07,-0.06189948973871134,0.95064287385003632
"[-2,3)",-0.0070512189906006524,7.093997049831539e-07,-8.371797232761304,5.6746027562676587e-17
"[0,2)",-0.0016555976410355085,4.4863302674529215e-07,-2.4717763815072153,0.013444358378667538
