Event_Window,abs_CAR,90%,95%,99%
"[-20,0)",25.341580814425413,25.61955859522635,26.035371308089196,26.876679688837143
"[-10,0)",17.229983428422262,18.118644402205906,18.410092147015384,18.9888455587093
"[-5,0)",11.272401749570262,12.815582235311096,13.028473222413652,13.438829408156261
"[-2,0)",7.00422709330095,8.06458793004885,8.198938843756032,8.450467296949128
"[-2,3)",10.903953544680187,12.810869873087745,13.026289209963045,13.440856003732563
"[0,2)",6.516842409791408,8.103047274950129,8.237720836740287,8.490618910950412
"[0,5)",10.69081094665874,12.766358344038187,12.976136473105743,13.382700926089502
