Event_Window,Mean_CAR,Var(MCAR),z-stat,p-value
"[-5,0)",-0.0033682163169168455,6.034601419518732e-07,-4.33586428539127,1.4518850681938497e-05
"[-2,0)",-0.0015903612769646355,3.756258862425901e-07,-2.594884522936287,0.0094622704266918694
"[-2,3)",-0.0019532140844761973,6.034601419518732e-07,-2.514348959141578,0.01192523716515884
"[0,2)",0.0009059884843107001,3.796367292439898e-07,1.4704104008710894,0.14145063612710426
