Event_Window,sq_CAR,90%,95%,99%
"[-20,0)",5.739762164319655,4.201932841345979,4.568035321607917,5.4678163879588295
"[-10,0)",1.8308570584410784,2.096212270277294,2.2856237916973723,2.7398959095499342
"[-5,0)",1.0445888871824367,1.0472135779159422,1.1438648971889145,1.3738506045199987
"[-2,0)",0.5449580168414628,0.4167620559368813,0.4541480306977353,0.5422667272715321
"[-2,3)",0.9735199434798563,1.0477332044907075,1.139608174750159,1.3701969020238962
"[0,2)",0.3308839618380404,0.4197438602335601,0.4571609675147526,0.5480495515290837
"[0,5)",0.734873866270875,1.0474814355938749,1.1424118102803027,1.3688385181327067
