Event_Window,Mean_CAR,Var(MCAR),z-stat,p-value
"[-5,0)",0.00020151105353052352,3.522053946898901e-07,0.3395477615279501,0.73419712328229336
"[-2,0)",-0.0006263305742977965,2.2067129857956014e-07,-1.3333086201466287,0.18243054600848718
"[-2,3)",-0.002686043743156585,3.522053946898901e-07,-4.5260055186839905,6.0109010721506346e-06
"[0,2)",6.535411115876927e-05,2.2176119838870665e-07,0.1387810383522425,0.88962317817547398
