Event_Window,Mean_CAR,Var(MCAR),z-stat,p-value
"[-5,0)",0.0011558492425473715,1.4143166100229356e-06,0.9719140756809802,0.3310932966826774
