Event_Window,sq_CAR,90%,95%,99%
"[-20,0)",7.437427384313159,7.495095627008111,8.411410838556467,10.673535954359403
"[-10,0)",2.844448575127821,3.752956053208347,4.206591423051086,5.352166935868793
"[-5,0)",1.464481776617128,1.8760582787723061,2.10326568376114,2.6701576391178263
"[-2,0)",0.7379453103199266,0.7468984891772592,0.8400755773756599,1.0665336410118669
"[-2,3)",1.5980535554441597,1.8734043018311626,2.1062020516221502,2.681403492855065
"[0,2)",0.6921696725887901,0.7477276500391986,0.8411967889148068,1.0723879867449861
"[0,5)",1.5357396357355921,1.8734671533996892,2.1089893602367193,2.6683916055843686
