Event_Window,abs_CAR,90%,95%,99%
"[-5,0)",11.666589958619891,11.720843827313585,11.914244752706011,12.282634891308312
"[-2,0)",5.631446297364029,5.838317390462826,5.937783838344021,6.129837373498349
"[-2,3)",12.088559099718953,11.723594035820648,11.922726374057502,12.302722743194122
"[0,2)",4.939951814004035,5.696401709308486,5.792346255483073,5.9739629774462415
