Event_Window,Mean_CAR,Var(MCAR),z-stat,p-value
"[-5,0)",0.006095322107403028,7.661873746695563e-07,6.963525418129401,3.3186125128771968e-12
"[-2,0)",0.0005452693619644475,4.821579670905485e-07,0.785265327695018,0.43229802008531526
"[-2,3)",-0.0032769131682200024,7.661873746695563e-07,-3.7436689542933994,0.00018135255867974992
"[0,2)",-0.0008586064778148301,4.836827595601685e-07,-1.2345647054377826,0.21699255137652718
