Event_Window,Mean_CAR,Var(MCAR),z-stat,p-value
"[-5,0)",0.003820472909189209,9.292846836754175e-07,3.963170301806335,7.396098156724135e-05
"[-2,0)",-0.0004662771662407784,5.85877283685902e-07,-0.6091732421207731,0.54240961432071177
"[-2,3)",-0.0006224535783515901,9.292846836754175e-07,-0.6457026642022792,0.51847193486296894
"[0,2)",0.0006257704480895959,5.824885081554102e-07,0.8199197901804298,0.41226183410510864
