Event_Window,Mean_CAR,Var(MCAR),z-stat,p-value
"[-5,0)",-0.0015325323652256556,3.095445608748663e-07,-2.754533550095851,0.0058775863551845152
"[-2,0)",-0.0011391405876819696,1.9119641476072472e-07,-2.6051783114217404,0.0091826457324978676
"[-2,3)",-0.005004488386294104,3.095445608748663e-07,-8.994936403240265,2.3636902188473886e-19
"[0,2)",-0.00046993315307175505,1.94968465358985e-07,-1.0642750923047817,0.28720409800139002
