Event_Window,sq_CAR,90%,95%,99%
"[-20,0)",14.557944120118181,6.42040851721652,6.942886448311687,8.173106276246322
"[-10,0)",4.66085895561894,3.2145648191606884,3.474535564630623,4.088561285990759
"[-5,0)",2.0342896493034672,1.6065303278126895,1.7361148145592982,2.0321186192741303
"[-2,0)",0.8319626427152028,0.6386354415497217,0.6902212283188938,0.8111188457087206
"[-2,3)",1.7242232909560375,1.60190816323083,1.7286354897042768,2.035268349241409
"[0,2)",0.8554294004865797,0.6414259305370996,0.6937663341608549,0.8131087983720752
"[0,5)",1.9743476576096946,1.6038983459301828,1.7365763447730993,2.038835010103696
