Event_Window,abs_CAR,90%,95%,99%
"[-5,0)",21.77798146894793,22.295644940115295,22.58230178092715,23.112721030806075
"[-2,0)",9.477786889332569,10.950910160422998,11.089286695441007,11.357077266502849
"[-2,3)",22.710721858039303,22.307349983784302,22.589462617704253,23.130526093640675
"[0,2)",10.902825351648987,10.96528514729802,11.104259611228349,11.365147784797747
