Event_Window,Mean_CAR,Var(MCAR),z-stat,p-value
"[-5,0)",-0.006376044392881701,5.4880269401351e-07,-8.606829799345354,7.5108838999162347e-18
"[-2,0)",-0.0019677962156221932,3.355327492166847e-07,-3.3971338858901503,0.00068095641064618137
"[-2,3)",-0.003482560501040514,5.488026940135101e-07,-4.701003263377797,2.5888637719095557e-06
"[0,2)",0.00040955454337276206,3.446399438105396e-07,0.6976360953886277,0.48540480219184468
