Event_Window,sq_CAR,90%,95%,99%
"[-20,0)",9.96985215899759,4.294313603857677,4.797136558321317,6.004687757521456
"[-10,0)",3.021971886416213,2.1495695875627,2.39531243150332,2.9985807117587306
"[-5,0)",1.403078870667472,1.0741780475642877,1.198898606253925,1.493408473999413
"[-2,0)",0.5496163859124774,0.4281817214760396,0.47825075459235655,0.5966440099478897
"[-2,3)",1.1597318229471545,1.0716129126256657,1.1967148076513,1.4983856749586228
"[0,2)",0.39559862959795333,0.4304498958449246,0.48108701747148835,0.6021878901341806
"[0,5)",1.0396893231762154,1.0736299326274932,1.1965229222667761,1.4891350159854002
