Event_Window,abs_CAR,90%,95%,99%
"[-5,0)",20.47233477617471,19.676474855354545,19.947654009740415,20.464148685548807
