Event_Window,abs_CAR,90%,95%,99%
"[-5,0)",27.846932487904695,27.277874274759345,27.58506524932251,28.150215444145516
"[-2,0)",12.69116692488348,12.993334068681948,13.13592619784283,13.413877143081782
"[-2,3)",27.333641993266742,27.289173763841106,27.589182823236822,28.15610716871473
"[0,2)",12.318961008256046,13.342302421405925,13.493074713379256,13.774118294225465
