Event_Window,Mean_CAR,Var(MCAR),z-stat,p-value
"[-5,0)",0.0008078962532612579,3.3614232906455674e-07,1.3934583476234612,0.16348123215722232
"[-2,0)",-0.0006595901998641198,2.0512755565906134e-07,-1.456338034246276,0.14529919621833604
"[-2,3)",-0.0026493429552342926,3.3614232906455674e-07,-4.569583089147952,4.8869539229274904e-06
"[0,2)",2.7333174726619814e-05,2.1180829141935628e-07,0.059390721204310826,0.95264090342153751
