Event_Window,Mean_CAR,Var(MCAR),z-stat,p-value
"[-5,0)",-0.0012632217450131468,1.0422310868639406e-06,-1.2373642994732674,0.21595186641487374
"[-2,0)",-0.00048704290657521516,2.6376096015453557e-07,-0.9483354055799007,0.34295873192159743
"[-2,3)",-0.0006742643728814909,4.32873749529359e-07,-1.0248247088034161,0.30544590544448047
"[0,2)",0.0009679384115008604,2.711250143917361e-07,1.8589295478844743,0.063037125210299666
