Event_Window,Mean_CAR,Var(MCAR),z-stat,p-value
"[-5,0)",-0.0005890612415951181,7.797815982593388e-07,-0.6670739131933713,0.50472492223666121
"[-2,0)",-0.0005193210250101558,4.657074926980286e-07,-0.7609906012438388,0.44666268105560858
"[-2,3)",-0.0004648312946327445,7.797815982593388e-07,-0.526391500221181,0.59861622011850202
"[0,2)",0.0014109115442317523,4.876748070968556e-07,2.0203872841403876,0.043343231364286187
