Event_Window,Mean_CAR,Var(MCAR),z-stat,p-value
"[-5,0)",-0.003123779381869805,5.982633448372207e-07,-4.038630834078389,5.3764102681166869e-05
"[-2,0)",-0.001592871398919165,3.566915359341477e-07,-2.667069373461927,0.0076515875799588384
"[-2,3)",-0.0021826881814756786,5.982633448372206e-07,-2.8219252108673927,0.0047736308218654195
"[0,2)",0.0006814238020795792,3.7636924079474536e-07,1.1107344395874321,0.26668267347448937
