Event_Window,abs_CAR,90%,95%,99%
"[-5,0)",12.283935322117577,14.603282793885608,14.809934422585092,15.201365720580249
