Event_Window,Mean_CAR,Var(MCAR),z-stat,p-value
"[-5,0)",0.00499466611431901,8.450455093143332e-07,5.433334119486818,5.5310701100961323e-08
"[-2,0)",0.0006150863211175184,5.320484276567085e-07,0.8432580326123728,0.39908414857145869
"[-2,3)",-0.003670030984389429,8.450455093143333e-07,-3.992359871641917,6.5418991793493797e-05
"[0,2)",-0.0010722107804334619,5.328422461753255e-07,-1.468861488178173,0.14187036221795774
